{"cameraMode":{"drawMode":0,"name":"Shaded","section":"Shading Mode"},"sceneLighting":false,"audioPlay":false,"sceneViewState":{"showFog":true,"showMaterialUpdate":false,"showSkybox":false,"showFlares":true,"showImageEffects":true,"showParticleSystems":true},"in2DMode":false,"pivot":{"x":15.725749969482422,"y":12.626791954040528,"z":32.302059173583987},"rotation":{"x":-0.11109863221645355,"y":-0.6446434855461121,"z":0.09545103460550308,"w":-0.7503206729888916},"size":2.8578829765319826,"orthographic":false}